{
    "name": "Global Information",
    "numberOfRequests": {
        "total": 6100,
        "ok": 2253,
        "ko": 3847
    },
    "minResponseTime": {
        "total": 246,
        "ok": 246,
        "ko": 60000
    },
    "maxResponseTime": {
        "total": 105721,
        "ok": 104778,
        "ko": 105721
    },
    "meanResponseTime": {
        "total": 54628,
        "ok": 40152,
        "ko": 63105
    },
    "standardDeviation": {
        "total": 17860,
        "ok": 21890,
        "ko": 5528
    },
    "percentiles1": {
        "total": 60238,
        "ok": 43439,
        "ko": 61425
    },
    "percentiles2": {
        "total": 62964,
        "ok": 57186,
        "ko": 64096
    },
    "percentiles3": {
        "total": 70953,
        "ok": 70842,
        "ko": 71449
    },
    "percentiles4": {
        "total": 84818,
        "ok": 81007,
        "ko": 85375
    },
    "group1": {
        "name": "t < 800 ms",
        "count": 133,
        "percentage": 2
    },
    "group2": {
        "name": "800 ms < t < 1200 ms",
        "count": 18,
        "percentage": 0
    },
    "group3": {
        "name": "t > 1200 ms",
        "count": 2102,
        "percentage": 34
    },
    "group4": {
        "name": "failed",
        "count": 3847,
        "percentage": 63
    },
    "meanNumberOfRequestsPerSecond": {
        "total": 27.698818486463907,
        "ok": 10.23039968032839,
        "ko": 17.468418806135514
    }
}